vendor_code,review_count,avg_rating,positive_count,sample_review_text,sample_reviewer,sample_rating
fa7p,30,3.87,53,খাবার ভালো কিছু কিন্তু গরম করে দেয়া হয়নি। কোয়ালিটি ক্রিসপি চিকেন ছিলো সাথে আর ও সালাত অ্যাড করলে মজা হবে।,AL,
t5jg,16,2.71,17,খুবই বাজে। ,Monir,
z3m9,30,3.42,45,Fresh & Tasty,CB,
h7jj,30,3.72,47,ঝাল বেশি ,Sohel,
d8ep,30,3.24,40,একদম ফালতু খাবার খাবারের ভিতরে মাছি পোকা ছিল খেতেই পারিনি ফালতু ,sharlok,
xdap,1,2.33,1,"চরম বাজে খাবার।
মেনুর ছবির সাথে আসল খাবারের কোনো মিল নাই।
",nur,
n762,30,3.37,42,so so,Shamima,
a2ko,30,3.72,47,"very goood
",Hami,
f2ul,22,3.0,27,চিকেন ভালো রাইস ভালো বিরানির স্বাদ ভালো। শুধু একটাই সমস্যা সেটা হচ্ছে কাঁচা মরিচ টা ছিল পোকা,Kaushik,
ddna,1,4.33,3,খবর ভালো টেস্টি আছে এবং গরম ছিল ধন্যবাদ আপনাদের,neil,
h16k,1,2.33,0,"দুইটা স্টার কম দিলাম শুধু রাইডারের জন্য রাইডারের ব্যবহার দেখে মনে হয় সে একজন নবাবজাদা, বাসার সামনে না এসে রাস্তার মাথায় দাঁড়িয়ে বলে এখানে আসেন, খাবারগুলো আলহামদুলিল্লাহ ভালো ছিল",Ara,
vskg,4,1.8,2,একদম বাজে খাবার পুরো ঠান্ডা ছিল আর মাংস ছিলই না রাইডার টা অনেক ভালো ছিলো ,Md,
cu27,30,2.61,24,"মাংসো সিদ্ধো না , টেস্ট খুব জঘন্য 🤮",Amir,
s6ia,30,2.03,17,Worst,Md.,
kuaw,2,5.0,4,"ager theke taste nosto hoye jacche, plz improve korben.. r alada chaler ruti neoar option start koren plz ",Sabina,
dk6z,30,3.18,41,"বার্গারটি অনেক ঠান্ডা ছিল, এবং মুরগির যেই গোস তার পরিমাণটা টাকা হিসেবে খুবই কম",Photo,
k76r,10,2.83,9,"ভাই হাঁসের তো পশম রয়ে  গেছে খাওয়া যাচ্ছে না, ",Cadni,
t8tp,30,1.97,18,"Tottaly waste of money, too much salty and taste 2/10.  its like bread with some Sauce.  dont do this again with any other customer. dont recommended. ",shough,
t8xf,30,3.16,40,"সকাল ৯ টায় অর্ডার দিছি, আগের দিন এর পঁচা খিচুড়ি দিছে, টক গন্ধ খিচুড়ি, কেউ কিনবেন না🤬🤬",MD,
fcrv,1,5.0,3,Fresh and yummy. Recommended 👍,C.B.,
ayqg,30,3.34,42,Good,AL-Amin,
u2sb,30,3.61,49,"bashi , thanda complaing to the authority",Ahnaf,
qmx7,24,2.48,21,রাতে যথেষ্ট কষ্ট করেছে রাইডার🫶,Mr,
mycu,30,3.35,42,"Had to wait way too long compared to what was mentioned. Also, the taste wasn’t as expected, at least nothing like the Domino’s we’ve had in other cities. We expected better. ",Mohammad,
irov,9,2.57,9,nice,Rahmatullah,
yalh,30,3.66,49,Bashi Valo Na,Sadman,
fyef,6,3.38,10,"1st class ranna...chicken lolipop available na thakar karone, chicken curry dite request kori,chicken curry ta yummy chilo.,khabarer test onek valo chilo...",Bashar,
vrfx,30,3.84,54,সব মিলিয়ে মোটামুটি ভালো। তবে ছবিতে দেখাইছে ডিম ভুনা আর দিয়েছে ডালের মতো পাতলা ডিমের ঝোল। ,Faruk,
ur7q,30,3.42,44,আজ পর্যন্ত এত বাজে চিকেন ফ্রাই খাই নাই । বলছে বডি পিস দিবে কিন্তু হাদ্দি ধরাই দিছে 🤦🏻,Meshkatul,
zl8c,4,3.4,6,"একদমি বাজে স্বাদ আমার জীবনে আমি এমন মাংস খাই নাই,  ",Abdullah,
z4hu,14,2.24,9,"Khuboi baje chilo pizza ta otirikto lobon , taste 4/10 ",Md,
u6cl,30,3.14,38,সাধারণ আমি এসব জায়গায় কমেন্ট করিনা। কিন্তু আজ কমেন্ট না করে পারলাম না।এতো বাজে বিরিয়ানি আমি আগে কখনো খাইনি। আমি রিভিউ দেখে order দিয়েছিলাম কিন্তু ঠকে গেছি😔,Anuradha,
rpge,4,2.33,4,"ভাই ফুডপান্ডায় অর্ডার দিয়ে কত ঠকা লাগে মানুষকে, বাসি খাবার",Fahad,
llql,30,2.87,29,overall good but taste er jonno over sauce dia taste different hoia gasilo.,shough,
r5kz,23,3.0,28,আমি এই দোকান থেকে সবসময় নিই অনেক ভালো খাবার,Shehabur,
x83j,30,3.0,38,রাইসের কোয়ালিটি বাজে,Rezwan,
noci,2,3.67,4,"টাকা হিসেবে পরিমাণ খুব কম,তাও যদি টেস্টটা একটু ভালো হতো! বোবা এর টেস্ট যেমন খারাপ ছিল, কোল্ড কফি এর ফ্লেভারও তেমনি জঘন্য ছিল। লো কোয়ালিটির কোকো পাউডার, খুব গন্ধ লাগছিল। এত খারাপ boba জীবনে কখনও খাইনি",Diya,
tzb9,1,4.33,3,taste is good... but make it cranchy ❤️,Momota,
t4xz,30,2.24,21,kisu mone korbean na ratea khabr dayar jonno donno bad but tahari pailam na all briyani ,Arnab,
t1ea,30,3.11,37,good ,Ibrahim,
t9ln,15,2.89,15,stale,Rafeed,
yp1e,4,2.45,3,good,Bagmara,
qfcl,16,2.9,18,I ordered a dark double chocolate donut but they just gave me a white chocolate one without even asking me.Pretty bad experience:|,MD,
wvvt,5,4.8,10,"খাবার টা ভালো ই ছিল। 
ভাত এর কোয়ালিটি ভালো,  ডাল টা ও মজার।",Ariyosi,
ggzc,30,2.62,27,"এর থেকে ফালতু খাবার জীবীনে খাইনি। বাসি তেল দিয়ে ভরা, আমি খেতেই পারলাম ন",T,
wjwa,2,3.33,4,🤮🤮🤮,-,
mcnr,4,3.44,5,খিচুড়ি খুব সাধারণ মানের। একেবারে শুকনো খেতে গেলে গলায় আটকে যায়। এই খিচুড়ির সাথে অতিরিক্ত কোন ঝোল অথবা কারি সংযুক্ত না করলে খাওয়া কঠিন। এছাড়া কোন সালাদ দেয়া হয় না। প্যাকেটটির অবস্থাও খুবই খারাপ,Major,
y2mp,30,3.91,59,the food was tasty. thank you,Md.,
t9oi,30,3.18,40,roshomali likhe 500g dise 300g doi er pic dewa mati r cup e boro cup e dise plastic er choto cup e overall test valo chilo but quantity jamon likha tamon day nai  raider vaiya ta valo chilo,Poranpakhi,
qv6v,4,5.0,12,very testy 🥰🤤,Miss,
u6yc,30,2.61,26,"full morog polaw niasilam dui packet a diasilo but sob e chilo sukna ar taste o different, ",shough,
bywd,30,3.88,54,burger bun onk soggy chilo.. Burger onk average chilo .. fish tots niye expection chilo cuz eita age try kora hoiselo bt bassay jeyta desay sogy......,Labiba,
vaz7,7,2.89,8,Soup quality Not worth it…taste o Ekdom faltu,Jannatul,
l1cq,30,2.51,24,👌👌,Shahriar,
en25,2,1.8,1,ranna khub kharab hoicha Khali testy salt voira dawa ar Kono saad o nai,msashikmedical,
h1xr,30,3.82,52,দাম অনুযায়ী কেক এর সাইজ এন্ড টেস্ট অনেক খারাপ। সেন্টমার্টিন কেক পপুলার দেখে নিসিলাম। এইটার কোনো টেস্টই নাই। খুবই বাজে এক্সপেরিন্স।,Ashik,
o89g,30,2.83,28,ato kharp briyani khaini age kokhono,Tarin,
q58b,2,3.0,1,"ছবিতে দিয়েছে বড়ো বড়ো চিংড়ি, আর বাস্তবে দিয়েছে ছোট ছোট ঘুসো চিংড়ি!! তবে টেস্ট মোটামুটি ভালোই ছিল।",M.,
idor,6,3.53,7,ewww,MD,
s0i2,1,1.0,0,vanilla flavour er ekta pestry nichilam. cream ta tok tok lagche. ar payment age kore dile order er proti gurutto thakena? ,Fariha,
